url_path,views_total,views_unique
/nyadla-sys/whisper.tflite,65,47
/nyadla-sys/whisper.tflite/tree/main/models,27,15
/nyadla-sys/whisper.tflite/tree/main/whisper_android,13,11
/nyadla-sys/whisper.tflite/tree/main,13,9
/nyadla-sys/whisper.tflite/tree/main/whisper_native,7,7
/nyadla-sys/whisper.tflite/blob/main/models/whisper-tiny-en.tflite,6,4
/nyadla-sys/whisper.tflite/tree/main/whisper_android/app,5,4
/nyadla-sys/whisper.tflite/tree/main/whisper_android/app/src,5,4
/nyadla-sys/whisper.tflite/issues/47,4,4
/nyadla-sys/whisper.tflite/blob/main/models/dtln_quantized.tflite,3,3
